size,greedy,local_search,scheduling_heuristic,best,greedy_ratio_vs_best,local_search_ratio_vs_best,scheduling_heuristic_ratio_vs_best
large,1814.85,5140.95,1094.7333333333333,1094.7333333333333,1.6578009865416234,4.696075147676755,1.0
medium,801.45,928.2,127.96666666666667,127.96666666666667,6.262959103933317,7.253451419640531,1.0
small,253.85,417.7,26.933333333333334,26.933333333333334,9.425123762376238,15.508663366336632,1.0
