conv_num,shape,time
0,7,20.264842
0,7,28.142792
0,3,68.269834
0,3,87.525853
3,0,116.007474
1,6,117.679829
1,6,131.698332
1,1,140.477154
2,5,144.860681
1,6,155.443522
0,3,171.302125
2,5,177.849658
3,0,181.127516
1,1,185.070263
2,5,212.692761
